40f5ad5948bd181d85f4d6446514380b.png,YQAE
70bd3a4768a55e6d01c0b8df45680207.png,1BR9
3a7afdcded0dadfe0e580325f68f2766.png,ZD1L
3c12b177928d8e68a1b1dfd5b870eb11.png,J4U7
19a1d00faee362bf5f0bd8514eebfad5.png,XNAC
7bf457156e5e491e4bb575e48f71e673.png,E4DN
0ffc42ff449722b0f824bd1d47ebe15e.png,DFX3
2ce3015871dabb6984a947220558e3d9.png,5ZKZ
49eb8e919b0c4f3d57bf6af6cd1694ff.png,F9ZJ
35c80de09369292e3367bae4b4846958.png,MY8C
906072aa509f7ae79c7eda467ad7393c.png,7MUD
0ff43741a50e5ef3e6ab68594deacd2d.png,34FQ
0d5d2ffc97660cbab95d57c601839a69.png,1H7N
7b7cf212ea1e61789b8249cc1fe7789e.png,NWNU
9982229cc7b84b1326545db718721ae7.png,D2K8
5fabd6c92cf98cd2cf30a97a833ba6a2.png,SEP9
42b9e646faa7125813d16e4834c8f4fe.png,4WQS
0490ae1a1177c72ccbd5981f179e5db6.png,94TK
839168db000c6392cf43bc34b3c6ae02.png,NA6C
46c70a17ba2d9f2c83b06365a0aab334.png,FM43
9e1c32bcb583d69e14e7476e387ed4c7.png,NPMV
947cdbd5aa714089cf670be50b20de5f.png,SE8D
5594a0539cf1e7695033133dd6d27b2b.png,3P4L
416a4c1dc04ad72728143e0bde5a60aa.png,UA3G
83cc1ea8fbbf03a2996a8652443b9a68.png,N525
04c6a3c1fb6fc460d49f9b8f0300a716.png,SBG5
6ae38f37cf76456d41ca6ac7bdee4fbf.png,RUQD
0647fa421b1caa28cdc5df32b65b68dd.png,MXLP
2c8753958b0afa1c858b0764b3930f53.png,5YU9
46928e7144f3b255189c8ce1776c4113.png,NPKX
9680acf0ea8ea178cef1e6d5a9c21646.png,1GME
6d248ecb8ec6c5c0ccd2da77b49d15c9.png,M4LW
8cb7e2aa940bc19549a49854d01588e8.png,VSUW
011110999d96b2c9b054e8214acf3ad8.png,GK22
09cc69a4a74934b08128c1d408845f46.png,Y28L
4484a6207f5de74142e8540824f13156.png,S2UH
8b3a070cf4594554cf7600a1234ec5c2.png,2TA9
6fb0e82cab7ebc424a636e7ac19c63fa.png,6U8L
6a7d4362385f9cb2494d5ae8f6ec5e6e.png,H1C3
49062401e5a74f9ac72bd635fef9c3d6.png,ZMCQ
46aab5d5ede74c8307fbf15389ea3180.png,WA9H
64e6c98a5b545e2cb1e0c9483290c4e7.png,RY5U
9b6141d0a636f88d2bd87265c80e813a.png,ARV7
41bbdb1b94fa5329cde2004c99026fa8.png,R3SB
6cad07e5b5e31ad84e40465e5e07fff0.png,6HZN
3fb928b228db685af37e156026f01fde.png,LVPE
47d6c09b5789932c35ad7a4fd6ba0322.png,V7XH
8137f685c9dd7f0e5a3297c346b45fb3.png,C5K7
10637e6a7f4b35230a227b9c4cb1161f.png,B337
735b4f00b407f1b030725d123446f2ee.png,LTV6
3316885f770e951e94664f658186975e.png,S3Z3
5a38c9f390bc8b8fe60d46a419290315.png,YPZQ
732eb7536b6014b654892fd54bae9467.png,4L1Z
4a9cdc5c7d27cb2e5c4cbbb5fd0aa9ca.png,4NL9
8dc099293699c9abb4f6d3703368f707.png,PNJN
26242654b180e4d850756eead71c7a5c.png,J5WS
133ca2c2287037c3aace810e7cec014a.png,KENG
55a97e420105c299332883c21cd7c926.png,ZDRH
5571b91010919b59c229ca3a17dc92b3.png,2A43
3a7e9bfa2e5e9e28b57069014798556c.png,FLR4
40ac9c881d93589e5878974d99988494.png,MU7B
30851d576b313751ce97cb6c5a67648e.png,63NN
92cae36cca89ffb445dd6e6ab8ff560a.png,DP58
00243af2b3545fd4c869d1c155c08d3f.png,LTEH
487e17707b8dcbf84b0c3a7b687afdf4.png,98CW
797505c652e28b0a941dc874f6acd459.png,3D3U
2a35f45b1276b8559b351cddcbe492cb.png,C4EY
5e775bf06b7282817f0fd854b0c7bfb3.png,92LJ
6ba0ebef39d8f41b3c9908a6e9e8c4b3.png,347S
66ac927509560cac95d5f5c70136c6d8.png,YZGH
1a266a4d56cd0dc520256fb35af74e53.png,628R
2d1a81913a8d6a6865c5ca8f1cdae01b.png,C2ZD
39ab94cbe0941e668bf94baed6de0f5c.png,3RYC
04da3f03451fef009044b6ebecbdb136.png,GM4P
361e321539053cb7d1f9235991cf44f3.png,HCFJ
0f259f2b464b3d427219850c8ef8e513.png,5XDY
7036cd7413bc187323cbc2fdfa2797f5.png,2R26
2f1fcd963c779da8f69b75adc207df4e.png,D9ZV
50d8294b52686f02246ea759ac752d0b.png,AYFK
72ae3fb9589037f698b226252b217550.png,8LEZ
43791ade8a545e10e7822839528723c1.png,SAJU
65a4c0a6bbcb8424b23a285cecf182c0.png,28Y7
5d2600a5b989f435f92caf85469861fc.png,EHY8
32ee830f3be693c165853037c0c2e4ae.png,7212
4fe5b2420e156909c16010081516b81f.png,6NUP
6cdaf0a941d94ec073c88dcf0a21a02d.png,BJ9E
0fa07515718ac89e74cee8f96bae83f3.png,9ZTR
030aeac0d9b95ea82cf24b53d510abbd.png,EXTT
8c80f86ee61d3ae8b997660d174de502.png,UB7S
266acc9c5807f47a4720788f902461dc.png,WU5N
69b5e29e58d7aeac4f15b8a1d7c60d93.png,9DDK
2798c3bbfc9c3252c3c7d01f0b646767.png,JW9Q
48e516fc530be4df056424f5cf13786e.png,RY3H
2b22108393a9d8b44515b132d636a7cb.png,7F76
918fbc3790b1e11c564776e06db52913.png,TRDA
0436c7565df725e4d874ea38f7766f0a.png,HTNN
0d5fceb59e974540dc99cdcfc48595b2.png,1F52
83628f218f11f23fc263ad2fa91cab9a.png,T1RE
2ff0f03e34cb313a20d4e413be4edcc2.png,DL6Y
443c9ece47569cc3da494ff92a320053.png,F2A4
00243af2b3545fd4c869d1c155c08d3f-checkpoint.png,LTEH
3a7afdcded0dadfe0e580325f68f2766-checkpoint.png,ZD1L
0ffc42ff449722b0f824bd1d47ebe15e-checkpoint.png,DFX3
